Network,SKAdIdentifier,Website,Privacy Policy
,,,
ironSource,su67r6k2v3.skadnetwork,,
AdColony,4pfyvq9l8r.skadnetwork,adcolony.com,adcolony.com/privacy-policy
AdMob,cstr6suwn9.skadnetwork,https://admob.google.com/home/,https://policies.google.com/privacy/update
AppLovin,ludvb6z3bs.skadnetwork,https://www.applovin.com/,https://www.applovin.com/policies/
Chartboost,f38h382jlk.skadnetwork,https://www.chartboost.com/,https://answers.chartboost.com/en-us/articles/200780269
Facebook,n38lu8286q.skadnetwork,,
Facebook,v9wttpbfk9.skadnetwork,,
Fyber,9g2aggbj52.skadnetwork,,
HyprMx,nu4557a4je.skadnetwork,,
InMobi,wzmmz9fp6w.skadnetwork,,
Maio,v4nxqhlyqp.skadnetwork,,
Pangle(Non CN),22mmun2rn5.skadnetwork,,
Pangle(CN),238da6jt44.skadnetwork,,
Snap,424m5254lk.skadnetwork,,
Tapjoy,ecpz2srf59.skadnetwork,,
UnityAds,4dzt52r2t5.skadnetwork,,
Vungle,gta9lk7p23.skadnetwork,,
AdColony / Mobilike,6g9af3uyq4.skadnetwork,adcolony.com,adcolony.com/privacy-policy
Aarki,4fzdc2evr5.skadnetwork,aarki.com,corp.aarki.com/privacy
AdTheorent,cg4yq2srnc.skadnetwork,adtheorent.com,adtheorent.com/privacy-policy
Appier,v72qych5uu.skadnetwork,appier.com,appier.com/privacy-policy
Appreciate,mlmmfzh3r3.skadnetwork,appreciate.mobi,appreciate.mobi/page.html#/end-user-privacy-policy
Beeswax,c6k4g5qg8m.skadnetwork,beeswax.com,beeswax.com/privacy
BidSlash,g28c52eehv.skadnetwork,zynga.com,zynga.com/privacy/policy
Criteo,hs6bdukanm.skadnetwork,criteo.com,criteo.com/privacy
CrossInstall (Twitter),prcb7njmu6.skadnetwork,crossinstall.com,crossinstall.com/privac
Dataseat,m8dbw4sv7c.skadnetwork,dataseat.com,dataseat.com/privacy-policy
Edge226,9nlqeag3gk.skadnetwork,edge226.com,edge226.com/privacy-policy
Fiksu,u679fj5vs4.skadnetwork,fiksu.com,fiksu.com/privacy-policy
Jampp,yclnxrl5pm.skadnetwork,jampp.com,jampp.com/privacy.html
Kayzen,4468km3ulz.skadnetwork,kayzen.io,kayzen.io/privacy-notice-product
LifeStreet,t38b2kh725.skadnetwork,lifestreet.com,lifestreet.com/privacy
Liftoff,7ug5zh24hu.skadnetwork,liftoff.io,liftoff.io/privacy-policy
LiquidM,rx5hdcabgc.skadnetwork,liquidm.com,liquidm.com/privacy-policy
Loopme,5lm9lj6jb7.skadnetwork,loopme.com,loopme.com/privacy-policy
manage.com,9rd848q2bz.skadnetwork,criteo.com,criteo.com/privacy
MediaSmart,7rz58n8ntl.skadnetwork,mediasmart.io,mediasmart.io/privacy
MMG,ejvt5qm6ak.skadnetwork,mars.media,mars.media/#!terms
mobupps,275upjj5gd.skadnetwork,mobupps.com,mobupps.com/presentations/Mobupps_Privacy_policy
Moloco,9t245vhmpl.skadnetwork,molocoads.com,molocoads.com/private-policy.html
Personaly,44jx6755aq.skadnetwork,persona.ly,persona.ly/privacy_policy
Pubnative,tl55sbb4fm.skadnetwork,pubnative.net,pubnative.net/privacy-polic
Remerge,2u9pt9hc89.skadnetwork,remerge.io,remerge.io/service-privacy-policy
RTB House,8s468mfl3y.skadnetwork,rtbhouse.com,rtbhouse.com/privacy-center
Sift,klf5c3l5u5.skadnetwork,sift.co,sift.co/privacy
Smadex,ppxm28t8ap.skadnetwork,smadex.com,smadex.com/end-user-privacy-policy
The Trade Desk,uw77j35x4d.skadnetwork,thetradedesk.com,thetradedesk.com/us/privacy
Valassis,mtkv5xtk9e.skadnetwork,valassis.com,valassis.com/legal/privacy-policy
Youappi,3rd42ekr43.skadnetwork,youappi.com,youappi.com/privacy-policy